<?xml version="1.0" encoding="utf-8"?>
<extension version="2.5" type="plugin" group="system" method="upgrade">
	<name>System - RSForm! Pro Captcha.eu</name>
	<author>RSJoomla!</author>
	<creationDate>August 2022</creationDate>
	<copyright>(C) 2014-2022 www.rsjoomla.com</copyright>
	<license>GNU General Public License</license>
	<authorEmail>support@rsjoomla.com</authorEmail>
	<authorUrl>www.rsjoomla.com</authorUrl>
	<version>3.1.1</version>
	<description><![CDATA[PLG_SYSTEM_CAPTCHAEU_DESC]]></description>
	<scriptfile>script.php</scriptfile>
	
	<updateservers>
        <server type="extension" priority="1" name="RSForm! Pro - Captcha.eu Plugin">xxxx.xml</server>
    </updateservers>
	
	<install>
		<sql>
			<file driver="mysql" charset="utf8">sql/mysql/install.sql</file>
		</sql>
	</install>
	<uninstall>
		<sql>
			<file driver="mysql" charset="utf8">sql/mysql/uninstall.sql</file>
		</sql>
	</uninstall>

	<files>
		<folder>forms</folder>
		<folder>sql</folder>
		<filename plugin="rsfpcaptchaeu">rsfpcaptchaeu.php</filename>
		<filename>index.html</filename>
	</files>
	
	<media destination="plg_system_rsfpcaptchaeu" folder="media">
		<folder>images</folder>
		<folder>js</folder>
	</media>
	
	<languages folder="language">
		<language tag="en-GB">en-GB/en-GB.plg_system_rsfpcaptchaeu.ini</language>
		<language tag="en-GB">en-GB/en-GB.plg_system_rsfpcaptchaeu.sys.ini</language>
	</languages>
</extension>