<?xml version="1.0" encoding="utf-8"?>
<extension type="plugin" group="captcha" method="upgrade">
	<name>captcha.eu</name>
	<version>1.0</version>
	<creationDate>2023-04</creationDate>
	<author>captcha.eu</author>
	<authorEmail>hello@captcha.eu</authorEmail>
	<authorUrl>www.captcha.eu</authorUrl>
	<copyright>MIT</copyright>
	<license>MIT</license>
	<description>PLG_CAPTCHA_CAPTCHA_EU_XML_DESCRIPTION</description>
	<files>
		<filename plugin="captcha_eu">captcha_eu.php</filename>
		<folder>language</folder>
		<folder>tmpl</folder>
	</files>

	<config>
		<fields name="params">
			<fieldset name="basic">

				<field
					name="publicKey"
					type="text"
					label="PLG_CAPTCHA_EU_PUBLIC_KEY_LABEL"
					description="PLG_CAPTCHA_EU_PUBLIC_KEY_DESC"
					default=""
					required="true"
					filter="string"
					class="input-xxlarge"
				/>

				<field
					name="restKey"
					type="text"
					label="PLG_CAPTCHA_EU_REST_KEY_LABEL"
					description="PLG_CAPTCHA_EU_REST_KEY_DESC"
					default=""
					required="true"
					filter="string"
					class="input-xxlarge"
				/>
			</fieldset>
		</fields>
	</config>
</extension>
